"UPC","Folder","SourceFile","SourcePath","IntendedOutput","Error"
"63598580034","635985","80034.1","C:\Space\Images\635985\80034.1","C:\Temp\Big Red PSA Images\635985\80034.png","Exception calling ""FromFile"" with ""1"" argument(s): ""Out of memory."""
"63598580026","635985","80026.1","C:\Space\Images\635985\80026.1","C:\Temp\Big Red PSA Images\635985\80026.png","Exception calling ""FromFile"" with ""1"" argument(s): ""Out of memory."""
"63598580006","635985","80006.1","C:\Space\Images\635985\80006.1","C:\Temp\Big Red PSA Images\635985\80006.png","Exception calling ""FromFile"" with ""1"" argument(s): ""Out of memory."""
"63598554890","635985","54890.1","C:\Space\Images\635985\54890.1","C:\Temp\Big Red PSA Images\635985\54890.png","Exception calling ""FromFile"" with ""1"" argument(s): ""Out of memory."""
"63598580207","635985","80207.1","C:\Space\Images\635985\80207.1","C:\Temp\Big Red PSA Images\635985\80207.png","Exception calling ""FromFile"" with ""1"" argument(s): ""Out of memory."""
"63598580207","635985","80207s.1","C:\Space\Images\635985\80207s.1","C:\Temp\Big Red PSA Images\635985\80207s.png","Exception calling ""FromFile"" with ""1"" argument(s): ""Out of memory."""
"63598520028","635985","20028.1","C:\Space\Images\635985\20028.1","C:\Temp\Big Red PSA Images\635985\20028.png","Exception calling ""FromFile"" with ""1"" argument(s): ""Out of memory."""
"63598526066","635985","26066.1","C:\Space\Images\635985\26066.1","C:\Temp\Big Red PSA Images\635985\26066.png","Exception calling ""FromFile"" with ""1"" argument(s): ""Out of memory."""
"63598502598","635985","02598.1","C:\Space\Images\635985\02598.1","C:\Temp\Big Red PSA Images\635985\02598.png","Exception calling ""FromFile"" with ""1"" argument(s): ""Out of memory."""
"63598526087","635985","26087.1","C:\Space\Images\635985\26087.1","C:\Temp\Big Red PSA Images\635985\26087.png","Exception calling ""FromFile"" with ""1"" argument(s): ""Out of memory."""
"63598510033","635985","10033.1","C:\Space\Images\635985\10033.1","C:\Temp\Big Red PSA Images\635985\10033.png","Exception calling ""FromFile"" with ""1"" argument(s): ""Out of memory."""
"63598580161","635985","80161.1","C:\Space\Images\635985\80161.1","C:\Temp\Big Red PSA Images\635985\80161.png","Exception calling ""FromFile"" with ""1"" argument(s): ""Out of memory."""
"63598520025","635985","20025.1","C:\Space\Images\635985\20025.1","C:\Temp\Big Red PSA Images\635985\20025.png","Exception calling ""FromFile"" with ""1"" argument(s): ""Out of memory."""
"63598526089","635985","26089.1","C:\Space\Images\635985\26089.1","C:\Temp\Big Red PSA Images\635985\26089.png","Exception calling ""FromFile"" with ""1"" argument(s): ""Out of memory."""
"68813512021","688135","12021.1","C:\Space\Images\688135\12021.1","C:\Temp\Big Red PSA Images\688135\12021.png","Exception calling ""FromFile"" with ""1"" argument(s): ""Out of memory."""
"68149600104","681496","00104.1","C:\Space\Images\681496\00104.1","C:\Temp\Big Red PSA Images\681496\00104.png","Exception calling ""FromFile"" with ""1"" argument(s): ""Out of memory."""
"8769283631","87692","83631.1","C:\Space\Images\87692\83631.1","C:\Temp\Big Red PSA Images\87692\83631.png","Exception calling ""FromFile"" with ""1"" argument(s): ""Out of memory."""
"70259600011","702596","00011.1","C:\Space\Images\702596\00011.1","C:\Temp\Big Red PSA Images\702596\00011.png","Exception calling ""FromFile"" with ""1"" argument(s): ""Out of memory."""
"65268200502","652682","00502.1","C:\Space\Images\652682\00502.1","C:\Temp\Big Red PSA Images\652682\00502.png","Exception calling ""FromFile"" with ""1"" argument(s): ""Out of memory."""
"63123416114","631234","16114.1","C:\Space\Images\631234\16114.1","C:\Temp\Big Red PSA Images\631234\16114.png","Exception calling ""FromFile"" with ""1"" argument(s): ""Out of memory."""
"7794250016","77942","50016.1","C:\Space\Images\77942\50016.1","C:\Temp\Big Red PSA Images\77942\50016.png","Exception calling ""FromFile"" with ""1"" argument(s): ""Out of memory."""
"8200072908","82000","72908.1","C:\Space\Images\82000\72908.1","C:\Temp\Big Red PSA Images\82000\72908.png","Exception calling ""FromFile"" with ""1"" argument(s): ""Out of memory."""
"8200075748","82000","75748.1","C:\Space\Images\82000\75748.1","C:\Temp\Big Red PSA Images\82000\75748.png","Exception calling ""FromFile"" with ""1"" argument(s): ""Out of memory."""
"8200079876","82000","79876.1","C:\Space\Images\82000\79876.1","C:\Temp\Big Red PSA Images\82000\79876.png","Exception calling ""FromFile"" with ""1"" argument(s): ""Out of memory."""
"8200072751","82000","72751.1","C:\Space\Images\82000\72751.1","C:\Temp\Big Red PSA Images\82000\72751.png","Exception calling ""FromFile"" with ""1"" argument(s): ""Out of memory."""
"78036980012","780369","80012.1","C:\Space\Images\780369\80012.1","C:\Temp\Big Red PSA Images\780369\80012.png","Exception calling ""FromFile"" with ""1"" argument(s): ""Out of memory."""
"8769200004","87692","00004.1","C:\Space\Images\87692\00004.1","C:\Temp\Big Red PSA Images\87692\00004.png","Exception calling ""FromFile"" with ""1"" argument(s): ""Out of memory."""
"8769230050","87692","30050.1","C:\Space\Images\87692\30050.1","C:\Temp\Big Red PSA Images\87692\30050.png","Exception calling ""FromFile"" with ""1"" argument(s): ""Out of memory."""
"92699009188","926990","09188.1","C:\Space\Images\926990\09188.1","C:\Temp\Big Red PSA Images\926990\09188.png","Exception calling ""FromFile"" with ""1"" argument(s): ""Out of memory."""
"3410051674","34100","51674.1","C:\Space\Images\34100\51674.1","C:\Temp\Big Red PSA Images\34100\51674.png","Exception calling ""FromFile"" with ""1"" argument(s): ""Out of memory."""
"71905700131","719057","00131.1","C:\Space\Images\719057\00131.1","C:\Temp\Big Red PSA Images\719057\00131.png","Exception calling ""FromFile"" with ""1"" argument(s): ""Out of memory."""
"8066095301","80660","95301.1","C:\Space\Images\80660\95301.1","C:\Temp\Big Red PSA Images\80660\95301.png","Exception calling ""FromFile"" with ""1"" argument(s): ""Out of memory."""
"2210000074","22100","00074s.1","C:\Space\Images\22100\00074s.1","C:\Temp\Big Red PSA Images\22100\00074s.png","Exception calling ""FromFile"" with ""1"" argument(s): ""Out of memory."""
"2210000071","22100","00071.1","C:\Space\Images\22100\00071.1","C:\Temp\Big Red PSA Images\22100\00071.png","Exception calling ""FromFile"" with ""1"" argument(s): ""Out of memory."""
"81994200003","819942","00003s.1","C:\Space\Images\819942\00003s.1","C:\Temp\Big Red PSA Images\819942\00003s.png","Exception calling ""FromFile"" with ""1"" argument(s): ""Out of memory."""
"3410000624","34100","00624s.1","C:\Space\Images\34100\00624s.1","C:\Temp\Big Red PSA Images\34100\00624s.png","Exception calling ""FromFile"" with ""1"" argument(s): ""Out of memory."""
"7336011754","73360","11754s.1","C:\Space\Images\73360\11754s.1","C:\Temp\Big Red PSA Images\73360\11754s.png","Exception calling ""FromFile"" with ""1"" argument(s): ""Out of memory."""
"7336011751","73360","11751.1","C:\Space\Images\73360\11751.1","C:\Temp\Big Red PSA Images\73360\11751.png","Exception calling ""FromFile"" with ""1"" argument(s): ""Out of memory."""
"5230000435","52300","00435.1","C:\Space\Images\52300\00435.1","C:\Temp\Big Red PSA Images\52300\00435.png","Exception calling ""FromFile"" with ""1"" argument(s): ""Out of memory."""
"63883602001","638836","02001.1","C:\Space\Images\638836\02001.1","C:\Temp\Big Red PSA Images\638836\02001.png","Exception calling ""FromFile"" with ""1"" argument(s): ""Out of memory."""
"63883602005","638836","02005.1","C:\Space\Images\638836\02005.1","C:\Temp\Big Red PSA Images\638836\02005.png","Exception calling ""FromFile"" with ""1"" argument(s): ""Out of memory."""
"72734400007","727344","00007.1","C:\Space\Images\727344\00007.1","C:\Temp\Big Red PSA Images\727344\00007.png","Exception calling ""FromFile"" with ""1"" argument(s): ""Out of memory."""
"72734400038","727344","00038.1","C:\Space\Images\727344\00038.1","C:\Temp\Big Red PSA Images\727344\00038.png","Exception calling ""FromFile"" with ""1"" argument(s): ""Out of memory."""
"72734400023","727344","00023.1","C:\Space\Images\727344\00023.1","C:\Temp\Big Red PSA Images\727344\00023.png","Exception calling ""FromFile"" with ""1"" argument(s): ""Out of memory."""
"72734400105","727344","00105.1","C:\Space\Images\727344\00105.1","C:\Temp\Big Red PSA Images\727344\00105.png","Exception calling ""FromFile"" with ""1"" argument(s): ""Out of memory."""
"1820028523","18200","28523.1","C:\Space\Images\18200\28523.1","C:\Temp\Big Red PSA Images\18200\28523.png","Exception calling ""FromFile"" with ""1"" argument(s): ""Out of memory."""
"8834510140","88345","10140.1","C:\Space\Images\88345\10140.1","C:\Temp\Big Red PSA Images\88345\10140.png","Exception calling ""FromFile"" with ""1"" argument(s): ""Out of memory."""
"8834510140","88345","10140s.1","C:\Space\Images\88345\10140s.1","C:\Temp\Big Red PSA Images\88345\10140s.png","Exception calling ""FromFile"" with ""1"" argument(s): ""Out of memory."""
"60580050004","605800","50004.1","C:\Space\Images\605800\50004.1","C:\Temp\Big Red PSA Images\605800\50004.png","Exception calling ""FromFile"" with ""1"" argument(s): ""Out of memory."""
"3410001536","34100","01536.1","C:\Space\Images\34100\01536.1","C:\Temp\Big Red PSA Images\34100\01536.png","Exception calling ""FromFile"" with ""1"" argument(s): ""Out of memory."""
"63598524595","635985","24595s.1","C:\Space\Images\635985\24595s.1","C:\Temp\Big Red PSA Images\635985\24595s.png","Exception calling ""FromFile"" with ""1"" argument(s): ""Out of memory."""
"1820000334","18200","00334.1","C:\Space\Images\18200\00334.1","C:\Temp\Big Red PSA Images\18200\00334.png","Exception calling ""FromFile"" with ""1"" argument(s): ""Out of memory."""
"1820096728","18200","96728.1","C:\Space\Images\18200\96728.1","C:\Temp\Big Red PSA Images\18200\96728.png","Exception calling ""FromFile"" with ""1"" argument(s): ""Out of memory."""
"75124925206","751249","25206.1","C:\Space\Images\751249\25206.1","C:\Temp\Big Red PSA Images\751249\25206.png","Exception calling ""FromFile"" with ""1"" argument(s): ""Out of memory."""
"75124924106","751249","24106.1","C:\Space\Images\751249\24106.1","C:\Temp\Big Red PSA Images\751249\24106.png","Exception calling ""FromFile"" with ""1"" argument(s): ""Out of memory."""
"7274906113","72749","06113.1","C:\Space\Images\72749\06113.1","C:\Temp\Big Red PSA Images\72749\06113.png","Exception calling ""FromFile"" with ""1"" argument(s): ""Out of memory."""
"7274906112","72749","06112.1","C:\Space\Images\72749\06112.1","C:\Temp\Big Red PSA Images\72749\06112.png","Exception calling ""FromFile"" with ""1"" argument(s): ""Out of memory."""
"3410000158","34100","00158s.1","C:\Space\Images\34100\00158s.1","C:\Temp\Big Red PSA Images\34100\00158s.png","Exception calling ""FromFile"" with ""1"" argument(s): ""Out of memory."""
"72383000017","723830","00017.1","C:\Space\Images\723830\00017.1","C:\Temp\Big Red PSA Images\723830\00017.png","Exception calling ""FromFile"" with ""1"" argument(s): ""Out of memory."""
"79603011494","796030","11494.1","C:\Space\Images\796030\11494.1","C:\Temp\Big Red PSA Images\796030\11494.png","Exception calling ""FromFile"" with ""1"" argument(s): ""Out of memory."""
"79603011496","796030","11496.1","C:\Space\Images\796030\11496.1","C:\Temp\Big Red PSA Images\796030\11496.png","Exception calling ""FromFile"" with ""1"" argument(s): ""Out of memory."""
"9221212116","92212","12116.1","C:\Space\Images\92212\12116.1","C:\Temp\Big Red PSA Images\92212\12116.png","Exception calling ""FromFile"" with ""1"" argument(s): ""Out of memory."""
"83305000398","833050","00398.1","C:\Space\Images\833050\00398.1","C:\Temp\Big Red PSA Images\833050\00398.png","Exception calling ""FromFile"" with ""1"" argument(s): ""Out of memory."""
"67574700111","675747","00111.1","C:\Space\Images\675747\00111.1","C:\Temp\Big Red PSA Images\675747\00111.png","Exception calling ""FromFile"" with ""1"" argument(s): ""Out of memory."""
"67574701427","675747","01427.1","C:\Space\Images\675747\01427.1","C:\Temp\Big Red PSA Images\675747\01427.png","Exception calling ""FromFile"" with ""1"" argument(s): ""Out of memory."""
"7289000174","72890","00174.1","C:\Space\Images\72890\00174.1","C:\Temp\Big Red PSA Images\72890\00174.png","Exception calling ""FromFile"" with ""1"" argument(s): ""Out of memory."""
"3410000600","34100","00600.1","C:\Space\Images\34100\00600.1","C:\Temp\Big Red PSA Images\34100\00600.png","Exception calling ""FromFile"" with ""1"" argument(s): ""Out of memory."""
"7031035538","70310","35538s.1","C:\Space\Images\70310\35538s.1","C:\Temp\Big Red PSA Images\70310\35538s.png","Exception calling ""FromFile"" with ""1"" argument(s): ""Out of memory."""
"7125000014","71250","00014.1","C:\Space\Images\71250\00014.1","C:\Temp\Big Red PSA Images\71250\00014.png","Exception calling ""FromFile"" with ""1"" argument(s): ""Out of memory."""
"7125000017","71250","00017.1","C:\Space\Images\71250\00017.1","C:\Temp\Big Red PSA Images\71250\00017.png","Exception calling ""FromFile"" with ""1"" argument(s): ""Out of memory."""
"86262800007","862628","00007s.1","C:\Space\Images\862628\00007s.1","C:\Temp\Big Red PSA Images\862628\00007s.png","Exception calling ""FromFile"" with ""1"" argument(s): ""Out of memory."""
"8760010023","87600","10023.1","C:\Space\Images\87600\10023.1","C:\Temp\Big Red PSA Images\87600\10023.png","Exception calling ""FromFile"" with ""1"" argument(s): ""Out of memory."""
"8760010021","87600","10021.1","C:\Space\Images\87600\10021.1","C:\Temp\Big Red PSA Images\87600\10021.png","Exception calling ""FromFile"" with ""1"" argument(s): ""Out of memory."""
"1820000051","18200","00051s.1","C:\Space\Images\18200\00051s.1","C:\Temp\Big Red PSA Images\18200\00051s.png","Exception calling ""FromFile"" with ""1"" argument(s): ""Out of memory."""
"1820000243","18200","00243.1","C:\Space\Images\18200\00243.1","C:\Temp\Big Red PSA Images\18200\00243.png","Exception calling ""FromFile"" with ""1"" argument(s): ""Out of memory."""
"1820018984","18200","18984.1","C:\Space\Images\18200\18984.1","C:\Temp\Big Red PSA Images\18200\18984.png","Exception calling ""FromFile"" with ""1"" argument(s): ""Out of memory."""
"1820000473","18200","00473.1","C:\Space\Images\18200\00473.1","C:\Temp\Big Red PSA Images\18200\00473.png","Exception calling ""FromFile"" with ""1"" argument(s): ""Out of memory."""
"76227481393","762274","81393s.1","C:\Space\Images\762274\81393s.1","C:\Temp\Big Red PSA Images\762274\81393s.png","Exception calling ""FromFile"" with ""1"" argument(s): ""Out of memory."""
"8572512203","85725","12203.1","C:\Space\Images\85725\12203.1","C:\Temp\Big Red PSA Images\85725\12203.png","Exception calling ""FromFile"" with ""1"" argument(s): ""Out of memory."""
"83883200221","838832","00221.1","C:\Space\Images\838832\00221.1","C:\Temp\Big Red PSA Images\838832\00221.png","Exception calling ""FromFile"" with ""1"" argument(s): ""Out of memory."""
"8769200149","87692","00149.1","C:\Space\Images\87692\00149.1","C:\Temp\Big Red PSA Images\87692\00149.png","Exception calling ""FromFile"" with ""1"" argument(s): ""Out of memory."""
"8769282102","87692","82102.1","C:\Space\Images\87692\82102.1","C:\Temp\Big Red PSA Images\87692\82102.png","Exception calling ""FromFile"" with ""1"" argument(s): ""Out of memory."""
"8769200033","87692","00033.1","C:\Space\Images\87692\00033.1","C:\Temp\Big Red PSA Images\87692\00033.png","Exception calling ""FromFile"" with ""1"" argument(s): ""Out of memory."""
