"UPC","SourceFile","SourcePath","FileSize","DetectedType","First32Bytes","ASCII"
"63598580034","80034.1","C:\Space\Images\635985\80034.1","736390","Unknown","00 00 02 00 00 00 00 00 00 00 00 00 7D 02 42 02 10 00 FF FF FF FF FF FF FF FF FF FF FF FF FF FF","............}.B................."
"63598580026","80026.1","C:\Space\Images\635985\80026.1","646136","Unknown","00 00 02 00 00 00 00 00 00 00 00 00 AB 02 D9 01 10 00 9C F3 9C F3 9C F3 9C F3 9C F3 9C F3 9C F3","................................"
"63598580006","80006.1","C:\Space\Images\635985\80006.1","647602","Unknown","00 00 02 00 00 00 00 00 00 00 00 00 AE 02 D8 01 10 00 9C F3 9C F3 9C F3 9C F3 9C F3 9C F3 9C F3","................................"
"63598554890","54890.1","C:\Space\Images\635985\54890.1","634204","Unknown","00 00 02 00 00 00 00 00 00 00 00 00 A7 02 D3 01 10 00 DE FB DE FB DE FB DE FB DE FB DE FB DE FB","................................"
"63598580207","80207.1","C:\Space\Images\635985\80207.1","341130","Unknown","00 00 02 00 00 00 00 00 00 00 00 00 F4 00 BB 02 10 00 00 80 00 80 00 80 00 80 00 80 00 80 00 80","................................"
"63598580207","80207s.1","C:\Space\Images\635985\80207s.1","341130","Unknown","00 00 02 00 00 00 00 00 00 00 00 00 F4 00 BB 02 10 00 00 80 00 80 00 80 00 80 00 80 00 80 00 80","................................"
"63598520028","20028.1","C:\Space\Images\635985\20028.1","747648","Unknown","00 00 02 00 00 00 00 00 00 00 00 00 7F 02 49 02 10 00 9C F3 BD F7 BD F7 BD F7 DE FB DE FB DE FB","..............I................."
"63598526066","26066.1","C:\Space\Images\635985\26066.1","738822","Unknown","00 00 02 00 00 00 00 00 00 00 00 00 7E 02 43 02 10 00 DE FB FF FF FF FF FF FF FF FF FF FF FF FF","............~.C................."
"63598502598","02598.1","C:\Space\Images\635985\02598.1","750404","Unknown","00 00 02 00 00 00 00 00 00 00 00 00 7D 02 4D 02 10 00 9C F3 9C F3 9C F3 9C F3 9C F3 9C F3 9C F3","............}.M................."
"63598526087","26087.1","C:\Space\Images\635985\26087.1","742536","Unknown","00 00 02 00 00 00 00 00 00 00 00 00 7F 02 45 02 10 00 BD 77 DE 7B FF 7F FF 7F FF 7F FF 7F FF 7F","..............E....w.{.........."
"63598510033","10033.1","C:\Space\Images\635985\10033.1","910156","Unknown","00 00 02 00 00 00 00 00 00 00 00 00 31 03 2D 02 10 00 DE FB DE FB DE FB DE FB DE FB DE FB DE FB","............1.-................."
"63598580161","80161.1","C:\Space\Images\635985\80161.1","821550","Unknown","00 00 02 00 00 00 00 00 00 00 00 00 9D 02 66 02 10 00 7B 6F 7B 6F 9C 73 9C 73 9C 73 9C 73 9C 73","..............f...{o{o.s.s.s.s.s"
"63598520025","20025.1","C:\Space\Images\635985\20025.1","820428","Unknown","00 00 02 00 00 00 00 00 00 00 00 00 9B 02 67 02 10 00 9C F3 9C F3 9C F3 9C F3 9C F3 9C F3 9C F3","..............g................."
"63598526089","26089.1","C:\Space\Images\635985\26089.1","922822","Unknown","00 00 02 00 00 00 00 00 00 00 00 00 35 03 32 02 10 00 9C F3 9C F3 9C F3 9C F3 9C F3 9C F3 9C F3","............5.2................."
"68813512021","12021.1","C:\Space\Images\688135\12021.1","37994","Unknown","00 00 02 00 00 00 00 00 00 00 00 00 73 00 6E 00 18 00 46 3D 50 35 29 3E 33 24 39 2A 17 28 24 12","............s.n...F=P5)>3$9*.($."
"68149600104","00104.1","C:\Space\Images\681496\00104.1","46764","Unknown","00 00 02 00 00 00 00 00 00 00 00 00 9F 00 93 00 10 00 09 31 86 28 85 24 85 28 85 24 85 24 85 24","...................1.(.$.(.$.$.$"
"8769283631","83631.1","C:\Space\Images\87692\83631.1","49964","Unknown","00 00 02 00 00 00 00 00 00 00 00 00 60 00 82 00 20 08 FF FF FF DC FF FF FF ED FF FF FF ED FF FF","............`... ..............."
"70259600011","00011.1","C:\Space\Images\702596\00011.1","50544","Unknown","00 00 02 00 00 00 00 00 00 00 00 00 65 00 7D 00 20 08 45 53 24 00 3E 4D 17 00 3A 4E 19 00 38 49","............e.}. .ES$.>M..:N..8I"
"65268200502","00502.1","C:\Space\Images\652682\00502.1","46444","Unknown","00 00 02 00 00 00 00 00 00 00 00 00 8B 00 A7 00 10 00 AC 39 08 21 A3 10 A3 10 84 10 63 10 84 18","...................9.!......c..."
"63123416114","16114.1","C:\Space\Images\631234\16114.1","51548","Unknown","00 00 02 00 00 00 00 00 00 00 00 00 6F 00 74 00 20 08 D8 D8 D8 EC CC CC CC F7 BC BC BC F5 AA AA","............o.t. ..............."
"7794250016","50016.1","C:\Space\Images\77942\50016.1","52844","Unknown","00 00 02 00 00 00 00 00 00 00 00 00 64 00 84 00 20 08 A7 A9 A8 E1 A3 A5 A3 F0 9B 9D 9D F0 94 96","............d... ..............."
"8200072908","72908.1","C:\Space\Images\82000\72908.1","795824","Unknown","00 00 02 00 00 00 00 00 00 00 00 00 9F 02 51 02 10 00 D0 A9 D1 AD D1 AD D0 A9 D0 AD D1 AD D0 A9","..............Q................."
"8200075748","75748.1","C:\Space\Images\82000\75748.1","706218","Unknown","00 00 02 00 00 00 00 00 00 00 00 00 26 02 82 02 10 00 B0 62 CF 6E AD 6E CF 6E F1 6E 12 73 33 73","............&......b.n.n.n.n.s3s"
"8200079876","79876.1","C:\Space\Images\82000\79876.1","507378","Unknown","00 00 02 00 00 00 00 00 00 00 00 00 5C 02 A4 01 10 00 3A 7F 3A 7F 3A 7F 3A 7F 3A 7F 3A 7F 3A 7F","............\.....:.:.:.:.:.:.:."
"8200072751","72751.1","C:\Space\Images\82000\72751.1","686190","Unknown","00 00 02 00 00 00 00 00 00 00 00 00 1E 02 79 02 10 00 F6 5E 6D 46 4A 3E 4A 3E 4A 3E 2A 3E 2A 3E","..............y....^mFJ>J>J>*>*>"
"78036980012","80012.1","C:\Space\Images\780369\80012.1","49820","Unknown","00 00 02 00 00 00 00 00 00 00 00 00 66 00 7A 00 20 08 40 2E 2E 00 42 30 30 00 3C 2A 2D 00 3C 2A","............f.z. .@...B00.<*-.<*"
"8769200004","00004.1","C:\Space\Images\87692\00004.1","49940","Unknown","00 00 02 00 00 00 00 00 00 00 00 00 63 00 7E 00 20 08 45 68 79 00 28 5B 71 00 28 5B 71 00 28 5B","............c.~. .Ehy.([q.([q.(["
"8769230050","30050.1","C:\Space\Images\87692\30050.1","50864","Unknown","00 00 02 00 00 00 00 00 00 00 00 00 69 00 79 00 20 08 5A A5 8F 00 3D A8 9F 00 3C A9 A1 00 3C A9","............i.y. .Z...=...<...<."
"92699009188","09188.1","C:\Space\Images\926990\09188.1","51396","Unknown","00 00 02 00 00 00 00 00 00 00 00 00 62 00 83 00 20 08 4A 8C AF 00 4B 8D B6 00 46 89 B6 00 41 83","............b... .J...K...F...A."
"3410051674","51674.1","C:\Space\Images\34100\51674.1","217244","Unknown","00 00 02 00 00 00 00 00 00 00 00 00 2C 01 B5 00 20 08 10 0F 13 00 10 0F 13 00 10 0F 13 00 10 0F","............,... ..............."
"71905700131","00131.1","C:\Space\Images\719057\00131.1","44562","Unknown","00 00 02 00 00 00 00 00 00 00 00 00 80 00 AE 00 10 00 C6 14 43 08 00 00 00 00 21 10 43 38 43 44","....................C.....!.C8CD"
"8066095301","95301.1","C:\Space\Images\80660\95301.1","51072","Unknown","00 00 02 00 00 00 00 00 00 00 00 00 89 00 BA 00 10 00 AB 65 94 76 93 76 94 76 94 76 94 76 94 76","...................e.v.v.v.v.v.v"
"2210000074","00074s.1","C:\Space\Images\22100\00074s.1","50846","Unknown","00 00 02 00 00 00 00 00 00 00 00 00 61 00 06 01 10 00 00 80 00 80 00 80 00 80 00 80 00 80 00 80","............a..................."
"2210000071","00071.1","C:\Space\Images\22100\00071.1","50816","Unknown","00 00 02 00 00 00 00 00 00 00 00 00 C0 00 84 00 10 00 00 80 00 80 00 80 00 80 00 80 00 80 00 00","................................"
"81994200003","00003s.1","C:\Space\Images\819942\00003s.1","50884","Unknown","00 00 02 00 00 00 00 00 00 00 00 00 52 00 9B 00 20 08 FF FF FF E9 FF FF FF F4 FF FF FF F4 FF FF","............R... ..............."
"3410000624","00624s.1","C:\Space\Images\34100\00624s.1","50688","Unknown","00 00 02 00 00 00 00 00 00 00 00 00 62 00 02 01 10 00 00 80 00 80 00 80 00 80 00 80 00 80 00 80","............b..................."
"7336011754","11754s.1","C:\Space\Images\73360\11754s.1","44762","Unknown","00 00 02 00 00 00 00 00 00 00 00 00 5E 00 EE 00 10 00 B5 D2 F7 DA 17 DF F7 DE F7 DE F7 DE F6 DA","............^..................."
"7336011751","11751.1","C:\Space\Images\73360\11751.1","48738","Unknown","00 00 02 00 00 00 00 00 00 00 00 00 CB 00 78 00 10 00 00 80 00 80 00 80 00 80 00 00 89 31 9C 73","..............x..............1.s"
"5230000435","00435.1","C:\Space\Images\52300\00435.1","37484","Unknown","00 00 02 00 00 00 00 00 00 00 00 00 82 00 60 00 18 00 D3 CC C1 E2 DB CE DC D5 CB E6 E3 DD E4 E0","..............`................."
"63883602001","02001.1","C:\Space\Images\638836\02001.1","52124","Unknown","00 00 02 00 00 00 00 00 00 00 00 00 69 00 7C 00 20 08 BC CC CB 00 99 B2 B2 00 7C 8A 88 00 75 80","............i.|. .........|...u."
"63883602005","02005.1","C:\Space\Images\638836\02005.1","49896","Unknown","00 00 02 00 00 00 00 00 00 00 00 00 67 00 79 00 20 08 60 8C 9A 00 3E 5F 71 00 18 25 31 00 13 1D","............g.y. .`...>_q..%1..."
"72734400007","00007.1","C:\Space\Images\727344\00007.1","64496","Unknown","00 00 02 00 00 00 00 00 00 00 00 00 83 00 7B 00 20 08 66 32 39 1E 6B 37 3A 0B 6D 3A 41 0F 6E 3C","..............{. .f29.k7:.m:A.n<"
"72734400038","00038.1","C:\Space\Images\727344\00038.1","46610","Unknown","00 00 02 00 00 00 00 00 00 00 00 00 80 00 B6 00 10 00 D6 62 9C 73 5A 6B 39 67 39 6B 39 6B 39 6B","...................b.sZk9g9k9k9k"
"72734400023","00023.1","C:\Space\Images\727344\00023.1","46500","Unknown","00 00 02 00 00 00 00 00 00 00 00 00 7F 00 B7 00 10 00 E6 24 EE 45 D5 62 69 35 82 18 C4 20 C5 1C","...................$.E.bi5... .."
"72734400105","00105.1","C:\Space\Images\727344\00105.1","50636","Unknown","00 00 02 00 00 00 00 00 00 00 00 00 5D 00 88 00 20 08 39 2C DB 00 33 2B D8 00 35 2B D8 00 37 2B","............]... .9,..3+..5+..7+"
"1820028523","28523.1","C:\Space\Images\18200\28523.1","271244","Unknown","00 00 02 00 00 00 00 00 00 00 00 00 2C 01 E2 00 20 08 3C 3E E9 13 10 15 F0 00 1F 24 F1 00 1F 24","............,... .<>.......$...$"
"8834510140","10140.1","C:\Space\Images\88345\10140.1","50336","Unknown","00 00 02 00 00 00 00 00 00 00 00 00 63 00 7F 00 20 08 FF FF FF E0 FF FF FF EF FF FF FF EF FF FF","............c... ..............."
"8834510140","10140s.1","C:\Space\Images\88345\10140s.1","51448","Unknown","00 00 02 00 00 00 00 00 00 00 00 00 47 00 B5 00 20 08 FF FF FF DC FF FF FF F2 FF FF FF ED FF FF","............G... ..............."
"60580050004","50004.1","C:\Space\Images\605800\50004.1","50844","Unknown","00 00 02 00 00 00 00 00 00 00 00 00 64 00 7F 00 20 08 0B 0D 2C 00 08 08 24 00 08 07 21 00 08 05","............d... ...,...$...!..."
"3410001536","01536.1","C:\Space\Images\34100\01536.1","50176","Unknown","00 00 02 00 00 00 00 00 00 00 00 00 97 00 53 00 20 08 58 B4 E7 00 57 B4 E6 00 58 B4 E7 00 58 B4","..............S. .X...W...X...X."
"63598524595","24595s.1","C:\Space\Images\635985\24595s.1","53618","Unknown","00 00 02 00 00 00 00 00 00 00 00 00 64 00 0C 01 10 00 00 80 00 80 00 80 00 80 00 80 FF FF FF FF","............d..................."
"1820000334","00334.1","C:\Space\Images\18200\00334.1","166170","Unknown","00 00 02 00 00 00 00 00 00 00 00 00 2D 01 14 01 10 00 FF FF FF FF FF FF FF FF FF FF FF FF FF FF","............-..................."
"1820096728","96728.1","C:\Space\Images\18200\96728.1","221552","Unknown","00 00 02 00 00 00 00 00 00 00 00 00 25 01 BD 00 20 08 83 1D 0C 00 83 1D 0C 00 85 09 00 00 97 2D","............%... ..............-"
"75124925206","25206.1","C:\Space\Images\751249\25206.1","51020","Unknown","00 00 02 00 00 00 00 00 00 00 00 00 76 00 6C 00 20 08 EC EC ED 00 DC DE DE 00 DC DA DC 00 DD D9","............v.l. ..............."
"75124924106","24106.1","C:\Space\Images\751249\24106.1","64524","Unknown","00 00 02 00 00 00 00 00 00 00 00 00 82 00 7C 00 20 08 11 21 21 1E 1E 25 1D 0F 1E 28 23 0F 20 2A","..............|. ..!!..%...(#. *"
"7274906113","06113.1","C:\Space\Images\72749\06113.1","50872","Unknown","00 00 02 00 00 00 00 00 00 00 00 00 83 00 61 00 20 08 3D 71 00 00 3D 71 00 00 3D 71 00 00 3D 71","..............a. .=q..=q..=q..=q"
"7274906112","06112.1","C:\Space\Images\72749\06112.1","38420","Unknown","00 00 02 00 00 00 00 00 00 00 00 00 9C 00 52 00 18 00 BF BF C0 D6 D6 D7 D6 D5 D6 D6 D5 D6 D6 D5","..............R................."
"3410000158","00158s.1","C:\Space\Images\34100\00158s.1","49448","Unknown","00 00 02 00 00 00 00 00 00 00 00 00 45 00 B3 00 20 08 FF FF FF DC FF FF FF ED FF FF FF ED FF FF","............E... ..............."
"72383000017","00017.1","C:\Space\Images\723830\00017.1","51104","Unknown","00 00 02 00 00 00 00 00 00 00 00 00 73 00 6F 00 20 08 36 33 34 00 2F 28 2A 00 30 36 37 00 32 73","............s.o. .634./(*.067.2s"
"79603011494","11494.1","C:\Space\Images\796030\11494.1","50228","Unknown","00 00 02 00 00 00 00 00 00 00 00 00 66 00 7B 00 20 08 86 9A A5 00 09 34 48 00 17 3F 53 00 17 3F","............f.{. ......4H..?S..?"
"79603011496","11496.1","C:\Space\Images\796030\11496.1","50636","Unknown","00 00 02 00 00 00 00 00 00 00 00 00 66 00 7C 00 20 08 4E 56 30 00 3F 49 1F 00 3F 4D 22 00 3C 4E","............f.|. .NV0.?I..?M"".<N"
"9221212116","12116.1","C:\Space\Images\92212\12116.1","51212","Unknown","00 00 02 00 00 00 00 00 00 00 00 00 68 00 7B 00 20 08 92 9E A4 00 93 9F A5 00 93 9F A5 00 92 9E","............h.{. ..............."
"83305000398","00398.1","C:\Space\Images\833050\00398.1","50276","Unknown","00 00 02 00 00 00 00 00 00 00 00 00 45 00 B6 00 20 08 FF FF FF E0 FF FF FF F3 FF FF FF EF FF FF","............E... ..............."
"67574700111","00111.1","C:\Space\Images\675747\00111.1","52368","Unknown","00 00 02 00 00 00 00 00 00 00 00 00 67 00 7F 00 20 08 72 75 87 00 92 3B 1C 00 90 23 00 00 8E 25","............g... .ru...;...#...%"
"67574701427","01427.1","C:\Space\Images\675747\01427.1","46594","Unknown","00 00 02 00 00 00 00 00 00 00 00 00 8E 00 A4 00 10 00 80 5A 80 5E A0 5E A0 5E A0 5E A0 5E A0 5E","...................Z.^.^.^.^.^.^"
"7289000174","00174.1","C:\Space\Images\72890\00174.1","50504","Unknown","00 00 02 00 00 00 00 00 00 00 00 00 57 00 91 00 20 08 00 00 00 F4 00 00 00 F9 00 00 00 F9 00 00","............W... ..............."
"3410000600","00600.1","C:\Space\Images\34100\00600.1","48660","Unknown","00 00 02 00 00 00 00 00 00 00 00 00 C9 00 79 00 10 00 C3 14 C3 10 C3 10 C3 10 A3 10 83 10 A3 0C","..............y................."
"7031035538","35538s.1","C:\Space\Images\70310\35538s.1","50840","Unknown","00 00 02 00 00 00 00 00 00 00 00 00 53 00 99 00 20 08 FF FF FF E1 FF FF FF F4 FF FF FF F0 FF FF","............S... ..............."
"7125000014","00014.1","C:\Space\Images\71250\00014.1","48794","Unknown","00 00 02 00 00 00 00 00 00 00 00 00 B6 00 86 00 10 00 A4 14 84 14 84 14 84 14 84 14 84 14 84 14","................................"
"7125000017","00017.1","C:\Space\Images\71250\00017.1","49650","Unknown","00 00 02 00 00 00 00 00 00 00 00 00 8D 00 B0 00 10 00 39 E3 39 E7 39 E7 38 E7 38 E7 38 E7 38 E7","..................9.9.9.8.8.8.8."
"86262800007","00007s.1","C:\Space\Images\862628\00007s.1","51452","Unknown","00 00 02 00 00 00 00 00 00 00 00 00 54 00 99 00 20 08 FF FF FF DC FF FF FF F2 FF FF FF ED FF FF","............T... ..............."
"8760010023","10023.1","C:\Space\Images\87600\10023.1","50544","Unknown","00 00 02 00 00 00 00 00 00 00 00 00 65 00 7D 00 20 08 49 58 38 00 48 57 36 00 47 57 36 00 47 57","............e.}. .IX8.HW6.GW6.GW"
"8760010021","10021.1","C:\Space\Images\87600\10021.1","50544","Unknown","00 00 02 00 00 00 00 00 00 00 00 00 65 00 7D 00 20 08 1F 39 3D 00 10 22 19 00 10 23 1A 00 11 22","............e.}. ..9=..""...#..."""
"1820000051","00051s.1","C:\Space\Images\18200\00051s.1","50884","Unknown","00 00 02 00 00 00 00 00 00 00 00 00 52 00 9B 00 20 08 FF FF FF DC FF FF FF F2 FF FF FF ED FF FF","............R... ..............."
"1820000243","00243.1","C:\Space\Images\18200\00243.1","50948","Unknown","00 00 02 00 00 00 00 00 00 00 00 00 7E 00 65 00 20 08 FF FF FF E1 FF FF FF F4 FF FF FF F0 FF FF","............~.e. ..............."
"1820018984","18984.1","C:\Space\Images\18200\18984.1","50732","Unknown","00 00 02 00 00 00 00 00 00 00 00 00 60 00 84 00 20 08 F9 F9 F9 00 DD DD DD 00 DC DC DC 00 F5 F6","............`... ..............."
"1820000473","00473.1","C:\Space\Images\18200\00473.1","57410","Unknown","00 00 02 00 00 00 00 00 00 00 00 00 4A 00 34 01 10 00 FF FF FF FF FF FF FF FF FF FF FF FF FF FF","............J.4................."
"76227481393","81393s.1","C:\Space\Images\762274\81393s.1","50778","Unknown","00 00 02 00 00 00 00 00 00 00 00 00 5E 00 0E 01 10 00 00 80 00 80 00 80 00 80 00 80 00 80 00 80","............^..................."
"8572512203","12203.1","C:\Space\Images\85725\12203.1","49606","Unknown","00 00 02 00 00 00 00 00 00 00 00 00 4D 00 42 01 10 00 72 CE 0E BE 6A AD 07 A1 C5 98 A4 94 84 94","............M.B...r...j........."
"83883200221","00221.1","C:\Space\Images\838832\00221.1","50636","Unknown","00 00 02 00 00 00 00 00 00 00 00 00 66 00 7C 00 20 08 6E A3 BE 00 63 9B B9 00 60 98 B5 00 65 99","............f.|. .n...c...`...e."
"8769200149","00149.1","C:\Space\Images\87692\00149.1","147618","Unknown","00 00 02 00 00 00 00 00 00 00 00 00 F6 00 2C 01 10 00 C3 08 E3 08 E4 08 E4 08 E4 08 E4 08 E4 08","..............,................."
"8769282102","82102.1","C:\Space\Images\87692\82102.1","141618","Unknown","00 00 02 00 00 00 00 00 00 00 00 00 EC 00 2C 01 10 00 79 E7 07 26 C6 21 27 26 47 2A 47 2A 47 2A","..............,...y..&.!'&G*G*G*"
"8769200033","00033.1","C:\Space\Images\87692\00033.1","175818","Unknown","00 00 02 00 00 00 00 00 00 00 00 00 2C 01 25 01 10 00 42 15 43 19 43 19 44 1D 24 1D 24 1D 24 1D","............,.%...B.C.C.D.$.$.$."
