"UPC","SourceFile","OutputFile","Width","Height","BitDepth","Result"
"63598580034","C:\Space\Images\635985\80034.1","C:\Temp\Big Red PSA Images\635985\80034.png","637","578","16","Recovered"
"63598580026","C:\Space\Images\635985\80026.1","C:\Temp\Big Red PSA Images\635985\80026.png","683","473","16","Recovered"
"63598580006","C:\Space\Images\635985\80006.1","C:\Temp\Big Red PSA Images\635985\80006.png","686","472","16","Recovered"
"63598554890","C:\Space\Images\635985\54890.1","C:\Temp\Big Red PSA Images\635985\54890.png","679","467","16","Recovered"
"63598580207","C:\Space\Images\635985\80207.1","C:\Temp\Big Red PSA Images\635985\80207.png","244","699","16","Recovered"
"63598580207","C:\Space\Images\635985\80207s.1","C:\Temp\Big Red PSA Images\635985\80207s.png","244","699","16","Recovered"
"63598520028","C:\Space\Images\635985\20028.1","C:\Temp\Big Red PSA Images\635985\20028.png","639","585","16","Recovered"
"63598526066","C:\Space\Images\635985\26066.1","C:\Temp\Big Red PSA Images\635985\26066.png","638","579","16","Recovered"
"63598502598","C:\Space\Images\635985\02598.1","C:\Temp\Big Red PSA Images\635985\02598.png","637","589","16","Recovered"
"63598526087","C:\Space\Images\635985\26087.1","C:\Temp\Big Red PSA Images\635985\26087.png","639","581","16","Recovered"
"63598510033","C:\Space\Images\635985\10033.1","C:\Temp\Big Red PSA Images\635985\10033.png","817","557","16","Recovered"
"63598580161","C:\Space\Images\635985\80161.1","C:\Temp\Big Red PSA Images\635985\80161.png","669","614","16","Recovered"
"63598520025","C:\Space\Images\635985\20025.1","C:\Temp\Big Red PSA Images\635985\20025.png","667","615","16","Recovered"
"63598526089","C:\Space\Images\635985\26089.1","C:\Temp\Big Red PSA Images\635985\26089.png","821","562","16","Recovered"
"68813512021","C:\Space\Images\688135\12021.1","C:\Temp\Big Red PSA Images\688135\12021.png","115","110","24","Recovered"
"68149600104","C:\Space\Images\681496\00104.1","C:\Temp\Big Red PSA Images\681496\00104.png","159","147","16","Recovered"
"8769283631","C:\Space\Images\87692\83631.1","C:\Temp\Big Red PSA Images\87692\83631.png","96","130","32","Recovered"
"70259600011","C:\Space\Images\702596\00011.1","C:\Temp\Big Red PSA Images\702596\00011.png","101","125","32","Recovered"
"65268200502","C:\Space\Images\652682\00502.1","C:\Temp\Big Red PSA Images\652682\00502.png","139","167","16","Recovered"
"63123416114","C:\Space\Images\631234\16114.1","C:\Temp\Big Red PSA Images\631234\16114.png","111","116","32","Recovered"
"7794250016","C:\Space\Images\77942\50016.1","C:\Temp\Big Red PSA Images\77942\50016.png","100","132","32","Recovered"
"8200072908","C:\Space\Images\82000\72908.1","C:\Temp\Big Red PSA Images\82000\72908.png","671","593","16","Recovered"
"8200075748","C:\Space\Images\82000\75748.1","C:\Temp\Big Red PSA Images\82000\75748.png","550","642","16","Recovered"
"8200079876","C:\Space\Images\82000\79876.1","C:\Temp\Big Red PSA Images\82000\79876.png","604","420","16","Recovered"
"8200072751","C:\Space\Images\82000\72751.1","C:\Temp\Big Red PSA Images\82000\72751.png","542","633","16","Recovered"
"78036980012","C:\Space\Images\780369\80012.1","C:\Temp\Big Red PSA Images\780369\80012.png","102","122","32","Recovered"
"8769200004","C:\Space\Images\87692\00004.1","C:\Temp\Big Red PSA Images\87692\00004.png","99","126","32","Recovered"
"8769230050","C:\Space\Images\87692\30050.1","C:\Temp\Big Red PSA Images\87692\30050.png","105","121","32","Recovered"
"92699009188","C:\Space\Images\926990\09188.1","C:\Temp\Big Red PSA Images\926990\09188.png","98","131","32","Recovered"
"3410051674","C:\Space\Images\34100\51674.1","C:\Temp\Big Red PSA Images\34100\51674.png","300","181","32","Recovered"
"71905700131","C:\Space\Images\719057\00131.1","C:\Temp\Big Red PSA Images\719057\00131.png","128","174","16","Recovered"
"8066095301","C:\Space\Images\80660\95301.1","C:\Temp\Big Red PSA Images\80660\95301.png","137","186","16","Recovered"
"2210000074","C:\Space\Images\22100\00074s.1","C:\Temp\Big Red PSA Images\22100\00074s.png","97","262","16","Recovered"
"2210000071","C:\Space\Images\22100\00071.1","C:\Temp\Big Red PSA Images\22100\00071.png","192","132","16","Recovered"
"81994200003","C:\Space\Images\819942\00003s.1","C:\Temp\Big Red PSA Images\819942\00003s.png","82","155","32","Recovered"
"3410000624","C:\Space\Images\34100\00624s.1","C:\Temp\Big Red PSA Images\34100\00624s.png","98","258","16","Recovered"
"7336011754","C:\Space\Images\73360\11754s.1","C:\Temp\Big Red PSA Images\73360\11754s.png","94","238","16","Recovered"
"7336011751","C:\Space\Images\73360\11751.1","C:\Temp\Big Red PSA Images\73360\11751.png","203","120","16","Recovered"
"5230000435","C:\Space\Images\52300\00435.1","C:\Temp\Big Red PSA Images\52300\00435.png","130","96","24","Recovered"
"63883602001","C:\Space\Images\638836\02001.1","C:\Temp\Big Red PSA Images\638836\02001.png","105","124","32","Recovered"
"63883602005","C:\Space\Images\638836\02005.1","C:\Temp\Big Red PSA Images\638836\02005.png","103","121","32","Recovered"
"72734400007","C:\Space\Images\727344\00007.1","C:\Temp\Big Red PSA Images\727344\00007.png","131","123","32","Recovered"
"72734400038","C:\Space\Images\727344\00038.1","C:\Temp\Big Red PSA Images\727344\00038.png","128","182","16","Recovered"
"72734400023","C:\Space\Images\727344\00023.1","C:\Temp\Big Red PSA Images\727344\00023.png","127","183","16","Recovered"
"72734400105","C:\Space\Images\727344\00105.1","C:\Temp\Big Red PSA Images\727344\00105.png","93","136","32","Recovered"
"1820028523","C:\Space\Images\18200\28523.1","C:\Temp\Big Red PSA Images\18200\28523.png","300","226","32","Recovered"
"8834510140","C:\Space\Images\88345\10140.1","C:\Temp\Big Red PSA Images\88345\10140.png","99","127","32","Recovered"
"8834510140","C:\Space\Images\88345\10140s.1","C:\Temp\Big Red PSA Images\88345\10140s.png","71","181","32","Recovered"
"60580050004","C:\Space\Images\605800\50004.1","C:\Temp\Big Red PSA Images\605800\50004.png","100","127","32","Recovered"
"3410001536","C:\Space\Images\34100\01536.1","C:\Temp\Big Red PSA Images\34100\01536.png","151","83","32","Recovered"
"63598524595","C:\Space\Images\635985\24595s.1","C:\Temp\Big Red PSA Images\635985\24595s.png","100","268","16","Recovered"
"1820000334","C:\Space\Images\18200\00334.1","C:\Temp\Big Red PSA Images\18200\00334.png","301","276","16","Recovered"
"1820096728","C:\Space\Images\18200\96728.1","C:\Temp\Big Red PSA Images\18200\96728.png","293","189","32","Recovered"
"75124925206","C:\Space\Images\751249\25206.1","C:\Temp\Big Red PSA Images\751249\25206.png","118","108","32","Recovered"
"75124924106","C:\Space\Images\751249\24106.1","C:\Temp\Big Red PSA Images\751249\24106.png","130","124","32","Recovered"
"7274906113","C:\Space\Images\72749\06113.1","C:\Temp\Big Red PSA Images\72749\06113.png","131","97","32","Recovered"
"7274906112","C:\Space\Images\72749\06112.1","C:\Temp\Big Red PSA Images\72749\06112.png","156","82","24","Recovered"
"3410000158","C:\Space\Images\34100\00158s.1","C:\Temp\Big Red PSA Images\34100\00158s.png","69","179","32","Recovered"
"72383000017","C:\Space\Images\723830\00017.1","C:\Temp\Big Red PSA Images\723830\00017.png","115","111","32","Recovered"
"79603011494","C:\Space\Images\796030\11494.1","C:\Temp\Big Red PSA Images\796030\11494.png","102","123","32","Recovered"
"79603011496","C:\Space\Images\796030\11496.1","C:\Temp\Big Red PSA Images\796030\11496.png","102","124","32","Recovered"
"9221212116","C:\Space\Images\92212\12116.1","C:\Temp\Big Red PSA Images\92212\12116.png","104","123","32","Recovered"
"83305000398","C:\Space\Images\833050\00398.1","C:\Temp\Big Red PSA Images\833050\00398.png","69","182","32","Recovered"
"67574700111","C:\Space\Images\675747\00111.1","C:\Temp\Big Red PSA Images\675747\00111.png","103","127","32","Recovered"
"67574701427","C:\Space\Images\675747\01427.1","C:\Temp\Big Red PSA Images\675747\01427.png","142","164","16","Recovered"
"7289000174","C:\Space\Images\72890\00174.1","C:\Temp\Big Red PSA Images\72890\00174.png","87","145","32","Recovered"
"3410000600","C:\Space\Images\34100\00600.1","C:\Temp\Big Red PSA Images\34100\00600.png","201","121","16","Recovered"
"7031035538","C:\Space\Images\70310\35538s.1","C:\Temp\Big Red PSA Images\70310\35538s.png","83","153","32","Recovered"
"7125000014","C:\Space\Images\71250\00014.1","C:\Temp\Big Red PSA Images\71250\00014.png","182","134","16","Recovered"
"7125000017","C:\Space\Images\71250\00017.1","C:\Temp\Big Red PSA Images\71250\00017.png","141","176","16","Recovered"
"86262800007","C:\Space\Images\862628\00007s.1","C:\Temp\Big Red PSA Images\862628\00007s.png","84","153","32","Recovered"
"8760010023","C:\Space\Images\87600\10023.1","C:\Temp\Big Red PSA Images\87600\10023.png","101","125","32","Recovered"
"8760010021","C:\Space\Images\87600\10021.1","C:\Temp\Big Red PSA Images\87600\10021.png","101","125","32","Recovered"
"1820000051","C:\Space\Images\18200\00051s.1","C:\Temp\Big Red PSA Images\18200\00051s.png","82","155","32","Recovered"
"1820000243","C:\Space\Images\18200\00243.1","C:\Temp\Big Red PSA Images\18200\00243.png","126","101","32","Recovered"
"1820018984","C:\Space\Images\18200\18984.1","C:\Temp\Big Red PSA Images\18200\18984.png","96","132","32","Recovered"
"1820000473","C:\Space\Images\18200\00473.1","C:\Temp\Big Red PSA Images\18200\00473.png","74","308","16","Recovered"
"76227481393","C:\Space\Images\762274\81393s.1","C:\Temp\Big Red PSA Images\762274\81393s.png","94","270","16","Recovered"
"8572512203","C:\Space\Images\85725\12203.1","C:\Temp\Big Red PSA Images\85725\12203.png","77","322","16","Recovered"
"83883200221","C:\Space\Images\838832\00221.1","C:\Temp\Big Red PSA Images\838832\00221.png","102","124","32","Recovered"
"8769200149","C:\Space\Images\87692\00149.1","C:\Temp\Big Red PSA Images\87692\00149.png","246","300","16","Recovered"
"8769282102","C:\Space\Images\87692\82102.1","C:\Temp\Big Red PSA Images\87692\82102.png","236","300","16","Recovered"
"8769200033","C:\Space\Images\87692\00033.1","C:\Temp\Big Red PSA Images\87692\00033.png","300","293","16","Recovered"
